label,record_count,avg_soil,avg_temp,avg_humidity,avg_light
1,40100,0.5519949479255406,0.5047464375421,0.5011654499490031,0.5146658837051462
2,50000,0.26953042938016236,0.4982207987335757,0.48008242289923625,0.523063081799039
0,29900,0.830384227229264,0.4975103290407316,0.512220165708933,0.5040374612861667
